mikanmandarin,
rayblos,
wanderlustalley,
caties_cos,
erizafreya,
peachmilkytea,
chusonchannel,
tatsutonata,
cookingway_,
currently.hannah,
rebeccamay.jp,
cezstoz,
ninedayo,
whatthepato,
seerasan1,
orikittydao,
lenafrompoland,
addyroad,
toripeebs,
haruki_ashley,
unechtiaujapon,
abikuru,
saara_8888_h,
zazatokush420,
danashiyan,
burachyami,
hidden_in_japan_,
rinainjp,
pinkustrawberry,
kawaiiicoco,
jennysinjapan,
alys_mind,
judselenaa,
jadealexisxo,
brookerogers__,
lifewithami3,
murs4lll,
lilyaprilrose,
alexniwata,
heyal._,
caileeoliver,
tkgaliano,
leoniee._03,
dahlia_japan,
didi_japan123,
brooklyn..jackson,
notabby4909,
xofrejayeahh,
hana...091,
echoesofmimi,
emiminniex,
s2marychii,
lucintokyo,
blueb3rry3170,
aadelaidemati,
madelyncorrine,
jewelthejemm,
mocamaus,
melanie_and_me,
notaichahle,
nikorujp,
m_liqokeli,
habibahafrag,
seceret_mae1,
elisaundsarah,
am333li444,
ellaintheclouds,

